customer_key,customer_name,industry,vertical,address,city,state,zip
1,Customer_000001,Creative Professional,Consumer,4606 Oak St,Austin,TX,78701
2,Customer_000002,Home Owner,Professional,1779 Broadway St,Houston,TX,77001
3,Customer_000003,Retiree,Consumer,588 Main St,Los Angeles,CA,90001
4,Customer_000004,Audiophile,Professional,9963 Main St,Houston,TX,77001
5,Customer_000005,Audiophile,Professional,9028 Park St,Dallas,TX,75201
6,Customer_000006,Young Professional,Professional,4657 Main St,Houston,TX,77001
7,Customer_000007,Home Owner,Professional,7024 Maple St,Denver,CO,80201
8,Customer_000008,Home Owner,Consumer,5614 Main St,Phoenix,AZ,85001
9,Customer_000009,Retiree,Consumer,5981 Maple St,Los Angeles,CA,90001
10,Customer_000010,Small Business Owner,Consumer,7627 Broadway St,San Jose,CA,95101
11,Customer_000011,Retiree,Consumer,9144 Maple St,Los Angeles,CA,90001
12,Customer_000012,Student,Professional,3250 Main St,Boston,MA,02101
13,Customer_000013,Audiophile,Prosumer,1407 Oak St,New York,NY,10001
14,Customer_000014,Creative Professional,Prosumer,4654 Park St,Boston,MA,02101
15,Customer_000015,Student,Consumer,6165 Maple St,Austin,TX,78701
16,Customer_000016,Small Business Owner,Professional,1269 Broadway St,Houston,TX,77001
17,Customer_000017,Home Owner,Professional,4110 Oak St,Austin,TX,78701
18,Customer_000018,Retiree,Prosumer,9225 Oak St,San Diego,CA,92101
19,Customer_000019,Student,Consumer,3852 Main St,Austin,TX,78701
20,Customer_000020,Student,Prosumer,4486 Main St,Denver,CO,80201
21,Customer_000021,Student,Consumer,8279 Park St,Houston,TX,77001
22,Customer_000022,Young Professional,Consumer,4439 Oak St,Portland,OR,97201
23,Customer_000023,Small Business Owner,Professional,9677 Park St,Houston,TX,77001
24,Customer_000024,Retiree,Prosumer,3693 Oak St,Portland,OR,97201
25,Customer_000025,Young Professional,Consumer,871 Main St,Dallas,TX,75201
26,Customer_000026,Home Owner,Professional,7016 Broadway St,Chicago,IL,60601
27,Customer_000027,Retiree,Prosumer,9863 Park St,Los Angeles,CA,90001
28,Customer_000028,Small Business Owner,Professional,288 Main St,Dallas,TX,75201
29,Customer_000029,Small Business Owner,Professional,5673 Main St,Austin,TX,78701
30,Customer_000030,Retiree,Consumer,7533 Main St,Phoenix,AZ,85001
31,Customer_000031,Small Business Owner,Professional,3027 Broadway St,Seattle,WA,98101
32,Customer_000032,Creative Professional,Professional,4989 Broadway St,Portland,OR,97201
33,Customer_000033,Audiophile,Consumer,6226 Oak St,San Jose,CA,95101
34,Customer_000034,Tech Professional,Professional,5410 Park St,Dallas,TX,75201
35,Customer_000035,Creative Professional,Prosumer,5138 Oak St,New York,NY,10001
36,Customer_000036,Audiophile,Professional,1390 Main St,New York,NY,10001
37,Customer_000037,Young Professional,Consumer,8827 Oak St,Seattle,WA,98101
38,Customer_000038,Young Professional,Professional,2805 Maple St,Chicago,IL,60601
39,Customer_000039,Retiree,Consumer,8935 Oak St,Dallas,TX,75201
40,Customer_000040,Small Business Owner,Prosumer,6218 Park St,Seattle,WA,98101
41,Customer_000041,Young Professional,Consumer,4161 Oak St,Portland,OR,97201
42,Customer_000042,Student,Consumer,9738 Broadway St,Los Angeles,CA,90001
43,Customer_000043,Audiophile,Consumer,1263 Main St,Houston,TX,77001
44,Customer_000044,Creative Professional,Consumer,5513 Main St,Houston,TX,77001
45,Customer_000045,Audiophile,Prosumer,8053 Oak St,Dallas,TX,75201
46,Customer_000046,Home Owner,Professional,9455 Broadway St,Dallas,TX,75201
47,Customer_000047,Audiophile,Prosumer,6769 Oak St,San Diego,CA,92101
48,Customer_000048,Creative Professional,Professional,7162 Maple St,Los Angeles,CA,90001
49,Customer_000049,Retiree,Prosumer,987 Main St,San Antonio,TX,78201
50,Customer_000050,Retiree,Professional,5659 Main St,New York,NY,10001
51,Customer_000051,Audiophile,Consumer,8886 Park St,Houston,TX,77001
52,Customer_000052,Retiree,Consumer,4663 Park St,Chicago,IL,60601
53,Customer_000053,Creative Professional,Prosumer,9116 Main St,Houston,TX,77001
54,Customer_000054,Tech Professional,Consumer,3972 Oak St,New York,NY,10001
55,Customer_000055,Young Professional,Prosumer,3602 Park St,San Antonio,TX,78201
56,Customer_000056,Tech Professional,Consumer,6309 Main St,Portland,OR,97201
57,Customer_000057,Small Business Owner,Prosumer,4773 Park St,San Antonio,TX,78201
58,Customer_000058,Young Professional,Consumer,3211 Maple St,Seattle,WA,98101
59,Customer_000059,Tech Professional,Professional,8983 Main St,Houston,TX,77001
60,Customer_000060,Student,Consumer,921 Broadway St,Seattle,WA,98101
61,Customer_000061,Home Owner,Consumer,8420 Main St,San Diego,CA,92101
62,Customer_000062,Home Owner,Consumer,9849 Main St,Boston,MA,02101
63,Customer_000063,Audiophile,Prosumer,2064 Broadway St,Austin,TX,78701
64,Customer_000064,Tech Professional,Professional,1443 Park St,Houston,TX,77001
65,Customer_000065,Student,Prosumer,3446 Maple St,Austin,TX,78701
66,Customer_000066,Small Business Owner,Prosumer,2244 Maple St,Houston,TX,77001
67,Customer_000067,Student,Consumer,252 Park St,San Diego,CA,92101
68,Customer_000068,Creative Professional,Consumer,8908 Oak St,San Jose,CA,95101
69,Customer_000069,Small Business Owner,Consumer,5818 Main St,Dallas,TX,75201
70,Customer_000070,Audiophile,Prosumer,4769 Oak St,Portland,OR,97201
71,Customer_000071,Small Business Owner,Professional,8766 Main St,San Diego,CA,92101
72,Customer_000072,Small Business Owner,Professional,1797 Oak St,Austin,TX,78701
73,Customer_000073,Creative Professional,Consumer,9164 Oak St,Phoenix,AZ,85001
74,Customer_000074,Small Business Owner,Professional,3550 Maple St,Phoenix,AZ,85001
75,Customer_000075,Small Business Owner,Professional,8104 Maple St,Houston,TX,77001
76,Customer_000076,Tech Professional,Consumer,7039 Maple St,Portland,OR,97201
77,Customer_000077,Tech Professional,Prosumer,2243 Maple St,New York,NY,10001
78,Customer_000078,Young Professional,Professional,7107 Broadway St,Chicago,IL,60601
79,Customer_000079,Creative Professional,Consumer,2542 Broadway St,New York,NY,10001
80,Customer_000080,Student,Professional,9152 Oak St,New York,NY,10001
81,Customer_000081,Home Owner,Consumer,5150 Maple St,San Antonio,TX,78201
82,Customer_000082,Tech Professional,Prosumer,3541 Oak St,Portland,OR,97201
83,Customer_000083,Creative Professional,Prosumer,9273 Park St,Austin,TX,78701
84,Customer_000084,Home Owner,Consumer,2762 Oak St,San Jose,CA,95101
85,Customer_000085,Retiree,Consumer,3038 Maple St,Portland,OR,97201
86,Customer_000086,Retiree,Professional,4165 Maple St,Denver,CO,80201
87,Customer_000087,Creative Professional,Prosumer,734 Park St,Chicago,IL,60601
88,Customer_000088,Audiophile,Prosumer,5828 Maple St,Houston,TX,77001
89,Customer_000089,Audiophile,Consumer,487 Oak St,Boston,MA,02101
90,Customer_000090,Student,Prosumer,1237 Maple St,San Antonio,TX,78201
91,Customer_000091,Retiree,Professional,8885 Maple St,Philadelphia,PA,19101
92,Customer_000092,Creative Professional,Prosumer,3025 Broadway St,New York,NY,10001
93,Customer_000093,Tech Professional,Consumer,9874 Park St,Phoenix,AZ,85001
94,Customer_000094,Student,Prosumer,8479 Main St,Philadelphia,PA,19101
95,Customer_000095,Audiophile,Prosumer,827 Park St,San Antonio,TX,78201
96,Customer_000096,Audiophile,Prosumer,7166 Main St,New York,NY,10001
97,Customer_000097,Student,Professional,5243 Main St,Austin,TX,78701
98,Customer_000098,Small Business Owner,Professional,5167 Park St,Seattle,WA,98101
99,Customer_000099,Retiree,Professional,4944 Broadway St,Philadelphia,PA,19101
100,Customer_000100,Audiophile,Prosumer,6311 Oak St,Chicago,IL,60601
101,Customer_000101,Small Business Owner,Prosumer,9077 Main St,San Jose,CA,95101
102,Customer_000102,Small Business Owner,Consumer,7143 Broadway St,Phoenix,AZ,85001
103,Customer_000103,Student,Prosumer,7338 Park St,San Jose,CA,95101
104,Customer_000104,Audiophile,Professional,7852 Oak St,Austin,TX,78701
105,Customer_000105,Creative Professional,Prosumer,8545 Broadway St,Austin,TX,78701
106,Customer_000106,Creative Professional,Consumer,5185 Oak St,Philadelphia,PA,19101
107,Customer_000107,Audiophile,Consumer,500 Main St,Denver,CO,80201
108,Customer_000108,Young Professional,Professional,1293 Park St,Houston,TX,77001
109,Customer_000109,Audiophile,Professional,6391 Park St,San Antonio,TX,78201
110,Customer_000110,Audiophile,Consumer,190 Main St,San Antonio,TX,78201
111,Customer_000111,Retiree,Consumer,2981 Broadway St,Denver,CO,80201
112,Customer_000112,Tech Professional,Professional,4182 Main St,San Diego,CA,92101
113,Customer_000113,Home Owner,Prosumer,8802 Broadway St,San Diego,CA,92101
114,Customer_000114,Student,Prosumer,8370 Park St,San Jose,CA,95101
115,Customer_000115,Young Professional,Consumer,7877 Park St,Boston,MA,02101
116,Customer_000116,Audiophile,Professional,4643 Broadway St,Phoenix,AZ,85001
117,Customer_000117,Audiophile,Prosumer,7306 Main St,San Diego,CA,92101
118,Customer_000118,Small Business Owner,Consumer,4551 Maple St,Seattle,WA,98101
119,Customer_000119,Creative Professional,Consumer,2571 Oak St,Philadelphia,PA,19101
120,Customer_000120,Home Owner,Professional,3605 Main St,San Antonio,TX,78201
121,Customer_000121,Retiree,Prosumer,8990 Park St,San Antonio,TX,78201
122,Customer_000122,Tech Professional,Consumer,6983 Park St,San Antonio,TX,78201
123,Customer_000123,Tech Professional,Professional,6332 Park St,Portland,OR,97201
124,Customer_000124,Student,Prosumer,6489 Park St,New York,NY,10001
125,Customer_000125,Audiophile,Prosumer,3695 Maple St,Dallas,TX,75201
126,Customer_000126,Young Professional,Consumer,6471 Maple St,San Antonio,TX,78201
127,Customer_000127,Retiree,Professional,2804 Park St,Austin,TX,78701
128,Customer_000128,Home Owner,Professional,8851 Main St,Portland,OR,97201
129,Customer_000129,Retiree,Professional,9346 Main St,Portland,OR,97201
130,Customer_000130,Retiree,Consumer,7664 Oak St,Los Angeles,CA,90001
131,Customer_000131,Small Business Owner,Prosumer,5463 Oak St,New York,NY,10001
132,Customer_000132,Student,Prosumer,6311 Maple St,San Diego,CA,92101
133,Customer_000133,Retiree,Prosumer,1441 Park St,Denver,CO,80201
134,Customer_000134,Tech Professional,Prosumer,3773 Main St,New York,NY,10001
135,Customer_000135,Tech Professional,Consumer,4151 Oak St,Denver,CO,80201
136,Customer_000136,Tech Professional,Professional,2596 Oak St,Boston,MA,02101
137,Customer_000137,Young Professional,Professional,1974 Broadway St,Chicago,IL,60601
138,Customer_000138,Young Professional,Professional,4298 Maple St,Houston,TX,77001
139,Customer_000139,Creative Professional,Consumer,5196 Main St,Chicago,IL,60601
140,Customer_000140,Tech Professional,Prosumer,9533 Park St,San Jose,CA,95101
141,Customer_000141,Audiophile,Consumer,9800 Oak St,San Antonio,TX,78201
142,Customer_000142,Small Business Owner,Professional,9937 Main St,Los Angeles,CA,90001
143,Customer_000143,Tech Professional,Prosumer,8828 Park St,Denver,CO,80201
144,Customer_000144,Student,Consumer,8389 Maple St,Austin,TX,78701
145,Customer_000145,Retiree,Prosumer,1829 Park St,New York,NY,10001
146,Customer_000146,Young Professional,Professional,2606 Park St,Philadelphia,PA,19101
147,Customer_000147,Small Business Owner,Professional,8917 Park St,Chicago,IL,60601
148,Customer_000148,Retiree,Professional,9807 Maple St,San Diego,CA,92101
149,Customer_000149,Audiophile,Consumer,4669 Park St,Philadelphia,PA,19101
150,Customer_000150,Young Professional,Professional,6309 Maple St,Houston,TX,77001
151,Customer_000151,Young Professional,Prosumer,3079 Park St,New York,NY,10001
152,Customer_000152,Student,Prosumer,5676 Maple St,Houston,TX,77001
153,Customer_000153,Small Business Owner,Professional,266 Broadway St,Portland,OR,97201
154,Customer_000154,Creative Professional,Consumer,6758 Park St,Houston,TX,77001
155,Customer_000155,Audiophile,Professional,7900 Park St,Dallas,TX,75201
156,Customer_000156,Tech Professional,Consumer,4920 Oak St,San Diego,CA,92101
157,Customer_000157,Audiophile,Prosumer,9628 Maple St,San Antonio,TX,78201
158,Customer_000158,Student,Prosumer,9117 Maple St,San Diego,CA,92101
159,Customer_000159,Young Professional,Prosumer,5123 Maple St,Philadelphia,PA,19101
160,Customer_000160,Creative Professional,Professional,3255 Maple St,Houston,TX,77001
161,Customer_000161,Home Owner,Consumer,3645 Park St,Los Angeles,CA,90001
162,Customer_000162,Small Business Owner,Consumer,3280 Maple St,Phoenix,AZ,85001
163,Customer_000163,Student,Consumer,5052 Main St,Houston,TX,77001
164,Customer_000164,Home Owner,Prosumer,845 Main St,Seattle,WA,98101
165,Customer_000165,Small Business Owner,Professional,2168 Park St,Dallas,TX,75201
166,Customer_000166,Tech Professional,Professional,4758 Park St,Los Angeles,CA,90001
167,Customer_000167,Young Professional,Prosumer,3120 Main St,San Diego,CA,92101
168,Customer_000168,Young Professional,Consumer,1170 Park St,Phoenix,AZ,85001
169,Customer_000169,Creative Professional,Professional,978 Oak St,San Diego,CA,92101
170,Customer_000170,Small Business Owner,Consumer,4166 Main St,Chicago,IL,60601
171,Customer_000171,Retiree,Professional,9866 Broadway St,Dallas,TX,75201
172,Customer_000172,Retiree,Prosumer,7353 Maple St,Houston,TX,77001
173,Customer_000173,Retiree,Prosumer,9416 Broadway St,Boston,MA,02101
174,Customer_000174,Creative Professional,Consumer,3557 Maple St,New York,NY,10001
175,Customer_000175,Creative Professional,Consumer,4029 Oak St,Austin,TX,78701
176,Customer_000176,Creative Professional,Consumer,143 Park St,Dallas,TX,75201
177,Customer_000177,Young Professional,Prosumer,634 Oak St,San Diego,CA,92101
178,Customer_000178,Small Business Owner,Professional,7538 Main St,Phoenix,AZ,85001
179,Customer_000179,Audiophile,Prosumer,9763 Oak St,Austin,TX,78701
180,Customer_000180,Creative Professional,Professional,3783 Oak St,San Antonio,TX,78201
181,Customer_000181,Small Business Owner,Consumer,1269 Main St,Portland,OR,97201
182,Customer_000182,Small Business Owner,Professional,9425 Maple St,Chicago,IL,60601
183,Customer_000183,Creative Professional,Prosumer,5082 Park St,San Diego,CA,92101
184,Customer_000184,Young Professional,Prosumer,1417 Broadway St,Phoenix,AZ,85001
185,Customer_000185,Retiree,Professional,5380 Broadway St,New York,NY,10001
186,Customer_000186,Tech Professional,Consumer,3850 Broadway St,Phoenix,AZ,85001
187,Customer_000187,Tech Professional,Professional,4515 Broadway St,San Jose,CA,95101
188,Customer_000188,Home Owner,Prosumer,8602 Park St,New York,NY,10001
189,Customer_000189,Small Business Owner,Consumer,9690 Park St,Portland,OR,97201
190,Customer_000190,Young Professional,Consumer,7800 Maple St,Austin,TX,78701
191,Customer_000191,Student,Prosumer,1813 Oak St,San Antonio,TX,78201
192,Customer_000192,Retiree,Professional,8217 Maple St,Philadelphia,PA,19101
193,Customer_000193,Retiree,Professional,701 Park St,Austin,TX,78701
194,Customer_000194,Student,Prosumer,5396 Main St,Los Angeles,CA,90001
195,Customer_000195,Retiree,Professional,118 Broadway St,Denver,CO,80201
196,Customer_000196,Retiree,Consumer,3173 Broadway St,San Diego,CA,92101
197,Customer_000197,Young Professional,Professional,7342 Main St,Philadelphia,PA,19101
198,Customer_000198,Small Business Owner,Professional,2246 Maple St,Houston,TX,77001
199,Customer_000199,Young Professional,Consumer,572 Broadway St,San Diego,CA,92101
200,Customer_000200,Audiophile,Professional,2694 Maple St,Denver,CO,80201
201,Customer_000201,Tech Professional,Professional,6784 Main St,Dallas,TX,75201
202,Customer_000202,Creative Professional,Prosumer,2024 Oak St,Houston,TX,77001
203,Customer_000203,Small Business Owner,Professional,4579 Park St,San Diego,CA,92101
204,Customer_000204,Young Professional,Prosumer,4093 Park St,Boston,MA,02101
205,Customer_000205,Home Owner,Prosumer,3222 Broadway St,Dallas,TX,75201
206,Customer_000206,Home Owner,Consumer,4626 Park St,Dallas,TX,75201
207,Customer_000207,Small Business Owner,Consumer,4734 Maple St,Philadelphia,PA,19101
208,Customer_000208,Young Professional,Consumer,7416 Broadway St,Boston,MA,02101
209,Customer_000209,Student,Prosumer,9142 Broadway St,San Diego,CA,92101
210,Customer_000210,Young Professional,Prosumer,3190 Oak St,San Antonio,TX,78201
211,Customer_000211,Retiree,Consumer,6830 Main St,San Jose,CA,95101
212,Customer_000212,Young Professional,Professional,6346 Park St,Philadelphia,PA,19101
213,Customer_000213,Home Owner,Prosumer,706 Oak St,Austin,TX,78701
214,Customer_000214,Student,Consumer,7313 Main St,Dallas,TX,75201
215,Customer_000215,Young Professional,Consumer,2461 Park St,Dallas,TX,75201
216,Customer_000216,Home Owner,Consumer,7792 Maple St,Boston,MA,02101
217,Customer_000217,Retiree,Professional,1415 Maple St,Philadelphia,PA,19101
218,Customer_000218,Retiree,Prosumer,8094 Broadway St,Boston,MA,02101
219,Customer_000219,Creative Professional,Consumer,4808 Oak St,New York,NY,10001
220,Customer_000220,Creative Professional,Prosumer,1712 Main St,Seattle,WA,98101
221,Customer_000221,Home Owner,Professional,5006 Main St,San Diego,CA,92101
222,Customer_000222,Student,Consumer,4906 Maple St,New York,NY,10001
223,Customer_000223,Retiree,Consumer,4100 Broadway St,Philadelphia,PA,19101
224,Customer_000224,Home Owner,Consumer,2968 Main St,San Antonio,TX,78201
225,Customer_000225,Retiree,Professional,4045 Park St,San Jose,CA,95101
226,Customer_000226,Home Owner,Consumer,7655 Maple St,Portland,OR,97201
227,Customer_000227,Small Business Owner,Professional,253 Park St,San Diego,CA,92101
228,Customer_000228,Small Business Owner,Professional,9055 Oak St,Portland,OR,97201
229,Customer_000229,Young Professional,Prosumer,9726 Maple St,Los Angeles,CA,90001
230,Customer_000230,Retiree,Professional,4197 Park St,Austin,TX,78701
231,Customer_000231,Small Business Owner,Consumer,6402 Park St,Boston,MA,02101
232,Customer_000232,Audiophile,Prosumer,9470 Maple St,Los Angeles,CA,90001
233,Customer_000233,Small Business Owner,Professional,4937 Main St,San Jose,CA,95101
234,Customer_000234,Retiree,Prosumer,232 Broadway St,Boston,MA,02101
235,Customer_000235,Tech Professional,Professional,8238 Maple St,Boston,MA,02101
236,Customer_000236,Audiophile,Professional,5872 Oak St,Denver,CO,80201
237,Customer_000237,Audiophile,Professional,4206 Oak St,Austin,TX,78701
238,Customer_000238,Creative Professional,Professional,745 Maple St,Austin,TX,78701
239,Customer_000239,Young Professional,Consumer,9595 Maple St,Denver,CO,80201
240,Customer_000240,Home Owner,Consumer,4935 Maple St,Seattle,WA,98101
241,Customer_000241,Retiree,Consumer,3389 Oak St,Seattle,WA,98101
242,Customer_000242,Student,Professional,8321 Maple St,Denver,CO,80201
243,Customer_000243,Home Owner,Prosumer,7994 Maple St,Boston,MA,02101
244,Customer_000244,Student,Consumer,7773 Main St,Seattle,WA,98101
245,Customer_000245,Audiophile,Professional,6611 Broadway St,Chicago,IL,60601
246,Customer_000246,Creative Professional,Prosumer,328 Maple St,Philadelphia,PA,19101
247,Customer_000247,Creative Professional,Prosumer,6138 Maple St,Dallas,TX,75201
248,Customer_000248,Retiree,Professional,6186 Main St,San Jose,CA,95101
249,Customer_000249,Audiophile,Prosumer,510 Broadway St,Austin,TX,78701
250,Customer_000250,Student,Professional,3726 Main St,Portland,OR,97201
251,Customer_000251,Young Professional,Professional,5051 Park St,Austin,TX,78701
252,Customer_000252,Home Owner,Consumer,709 Maple St,Los Angeles,CA,90001
253,Customer_000253,Creative Professional,Consumer,3946 Broadway St,San Diego,CA,92101
254,Customer_000254,Retiree,Prosumer,6178 Broadway St,Chicago,IL,60601
255,Customer_000255,Home Owner,Prosumer,1722 Park St,San Antonio,TX,78201
256,Customer_000256,Retiree,Prosumer,636 Maple St,San Jose,CA,95101
257,Customer_000257,Young Professional,Prosumer,3968 Maple St,Houston,TX,77001
258,Customer_000258,Student,Professional,5976 Main St,Los Angeles,CA,90001
259,Customer_000259,Small Business Owner,Consumer,2101 Park St,San Antonio,TX,78201
260,Customer_000260,Audiophile,Professional,9883 Main St,Los Angeles,CA,90001
261,Customer_000261,Student,Consumer,2163 Broadway St,New York,NY,10001
262,Customer_000262,Creative Professional,Professional,3494 Broadway St,Houston,TX,77001
263,Customer_000263,Audiophile,Prosumer,2517 Broadway St,Houston,TX,77001
264,Customer_000264,Small Business Owner,Consumer,2229 Broadway St,New York,NY,10001
265,Customer_000265,Home Owner,Consumer,522 Oak St,Phoenix,AZ,85001
266,Customer_000266,Student,Consumer,9747 Maple St,New York,NY,10001
267,Customer_000267,Home Owner,Prosumer,958 Oak St,New York,NY,10001
268,Customer_000268,Retiree,Professional,1962 Main St,Seattle,WA,98101
269,Customer_000269,Young Professional,Prosumer,8508 Broadway St,San Diego,CA,92101
270,Customer_000270,Young Professional,Professional,3729 Broadway St,Los Angeles,CA,90001
271,Customer_000271,Small Business Owner,Prosumer,610 Main St,New York,NY,10001
272,Customer_000272,Retiree,Prosumer,1868 Park St,San Diego,CA,92101
273,Customer_000273,Young Professional,Consumer,1423 Maple St,Seattle,WA,98101
274,Customer_000274,Home Owner,Consumer,2167 Maple St,San Jose,CA,95101
275,Customer_000275,Student,Prosumer,9887 Broadway St,San Jose,CA,95101
276,Customer_000276,Young Professional,Professional,7148 Main St,Phoenix,AZ,85001
277,Customer_000277,Creative Professional,Professional,9133 Oak St,Denver,CO,80201
278,Customer_000278,Young Professional,Consumer,6879 Maple St,San Antonio,TX,78201
279,Customer_000279,Young Professional,Prosumer,6915 Main St,Boston,MA,02101
280,Customer_000280,Retiree,Prosumer,4276 Maple St,Philadelphia,PA,19101
281,Customer_000281,Young Professional,Consumer,1594 Main St,Chicago,IL,60601
282,Customer_000282,Retiree,Consumer,6205 Oak St,Los Angeles,CA,90001
283,Customer_000283,Tech Professional,Professional,9301 Broadway St,Dallas,TX,75201
284,Customer_000284,Creative Professional,Prosumer,5893 Park St,Philadelphia,PA,19101
285,Customer_000285,Tech Professional,Prosumer,9937 Maple St,Boston,MA,02101
286,Customer_000286,Creative Professional,Professional,8413 Oak St,Philadelphia,PA,19101
287,Customer_000287,Young Professional,Consumer,1873 Maple St,Chicago,IL,60601
288,Customer_000288,Student,Consumer,4664 Broadway St,Boston,MA,02101
289,Customer_000289,Retiree,Professional,9221 Main St,Houston,TX,77001
290,Customer_000290,Small Business Owner,Consumer,3055 Maple St,San Jose,CA,95101
291,Customer_000291,Small Business Owner,Prosumer,5851 Main St,Seattle,WA,98101
292,Customer_000292,Home Owner,Professional,6666 Main St,Chicago,IL,60601
293,Customer_000293,Tech Professional,Consumer,8791 Oak St,Chicago,IL,60601
294,Customer_000294,Retiree,Prosumer,5685 Oak St,San Antonio,TX,78201
295,Customer_000295,Small Business Owner,Professional,5414 Broadway St,Philadelphia,PA,19101
296,Customer_000296,Creative Professional,Consumer,2649 Oak St,San Jose,CA,95101
297,Customer_000297,Tech Professional,Professional,1436 Maple St,Denver,CO,80201
298,Customer_000298,Retiree,Prosumer,7342 Park St,San Diego,CA,92101
299,Customer_000299,Audiophile,Professional,1964 Maple St,Phoenix,AZ,85001
300,Customer_000300,Creative Professional,Prosumer,9817 Park St,San Antonio,TX,78201
301,Customer_000301,Small Business Owner,Consumer,3712 Park St,Dallas,TX,75201
302,Customer_000302,Tech Professional,Consumer,3449 Maple St,San Jose,CA,95101
303,Customer_000303,Home Owner,Prosumer,4842 Maple St,Houston,TX,77001
304,Customer_000304,Tech Professional,Prosumer,7155 Oak St,Los Angeles,CA,90001
305,Customer_000305,Retiree,Professional,3870 Broadway St,Chicago,IL,60601
306,Customer_000306,Student,Consumer,6605 Main St,Dallas,TX,75201
307,Customer_000307,Tech Professional,Prosumer,1375 Maple St,San Antonio,TX,78201
308,Customer_000308,Retiree,Professional,6726 Park St,San Jose,CA,95101
309,Customer_000309,Creative Professional,Prosumer,441 Maple St,Phoenix,AZ,85001
310,Customer_000310,Young Professional,Professional,6028 Main St,Chicago,IL,60601
311,Customer_000311,Creative Professional,Consumer,7238 Broadway St,San Antonio,TX,78201
312,Customer_000312,Creative Professional,Prosumer,5183 Maple St,San Antonio,TX,78201
313,Customer_000313,Student,Consumer,1351 Broadway St,Houston,TX,77001
314,Customer_000314,Creative Professional,Professional,8455 Oak St,Austin,TX,78701
315,Customer_000315,Student,Prosumer,2519 Oak St,Portland,OR,97201
316,Customer_000316,Home Owner,Prosumer,3332 Oak St,Los Angeles,CA,90001
317,Customer_000317,Home Owner,Professional,1334 Oak St,San Jose,CA,95101
318,Customer_000318,Young Professional,Prosumer,9336 Broadway St,Denver,CO,80201
319,Customer_000319,Student,Professional,5279 Oak St,San Diego,CA,92101
320,Customer_000320,Creative Professional,Prosumer,7345 Maple St,San Diego,CA,92101
321,Customer_000321,Small Business Owner,Professional,1020 Maple St,Denver,CO,80201
322,Customer_000322,Creative Professional,Prosumer,7665 Park St,Dallas,TX,75201
323,Customer_000323,Tech Professional,Prosumer,4803 Main St,New York,NY,10001
324,Customer_000324,Creative Professional,Professional,9833 Broadway St,Austin,TX,78701
325,Customer_000325,Young Professional,Professional,9181 Main St,San Antonio,TX,78201
326,Customer_000326,Audiophile,Prosumer,7892 Broadway St,San Diego,CA,92101
327,Customer_000327,Tech Professional,Prosumer,1795 Maple St,Chicago,IL,60601
328,Customer_000328,Creative Professional,Professional,2927 Main St,Seattle,WA,98101
329,Customer_000329,Young Professional,Prosumer,8686 Broadway St,Houston,TX,77001
330,Customer_000330,Home Owner,Prosumer,6208 Maple St,San Jose,CA,95101
331,Customer_000331,Retiree,Prosumer,9895 Main St,San Antonio,TX,78201
332,Customer_000332,Student,Consumer,5501 Main St,Denver,CO,80201
333,Customer_000333,Retiree,Prosumer,4228 Broadway St,Dallas,TX,75201
334,Customer_000334,Home Owner,Prosumer,1435 Broadway St,Boston,MA,02101
335,Customer_000335,Home Owner,Prosumer,5182 Park St,Austin,TX,78701
336,Customer_000336,Creative Professional,Prosumer,9257 Park St,Chicago,IL,60601
337,Customer_000337,Student,Consumer,8724 Main St,Austin,TX,78701
338,Customer_000338,Retiree,Professional,6028 Main St,Austin,TX,78701
339,Customer_000339,Small Business Owner,Consumer,3609 Maple St,Philadelphia,PA,19101
340,Customer_000340,Young Professional,Consumer,3811 Oak St,Denver,CO,80201
341,Customer_000341,Creative Professional,Prosumer,1757 Broadway St,Chicago,IL,60601
342,Customer_000342,Tech Professional,Professional,5617 Broadway St,Denver,CO,80201
343,Customer_000343,Retiree,Consumer,2758 Oak St,Chicago,IL,60601
344,Customer_000344,Home Owner,Professional,7270 Main St,Boston,MA,02101
345,Customer_000345,Student,Professional,3991 Park St,San Antonio,TX,78201
346,Customer_000346,Small Business Owner,Professional,7455 Oak St,San Jose,CA,95101
347,Customer_000347,Audiophile,Prosumer,7784 Oak St,Dallas,TX,75201
348,Customer_000348,Young Professional,Prosumer,4716 Park St,Philadelphia,PA,19101
349,Customer_000349,Retiree,Consumer,3371 Broadway St,Dallas,TX,75201
350,Customer_000350,Small Business Owner,Consumer,7973 Maple St,Chicago,IL,60601
351,Customer_000351,Creative Professional,Professional,8552 Main St,Dallas,TX,75201
352,Customer_000352,Creative Professional,Consumer,4569 Park St,Phoenix,AZ,85001
353,Customer_000353,Home Owner,Prosumer,1602 Oak St,Portland,OR,97201
354,Customer_000354,Young Professional,Prosumer,536 Park St,Boston,MA,02101
355,Customer_000355,Retiree,Professional,6226 Oak St,New York,NY,10001
356,Customer_000356,Creative Professional,Prosumer,3778 Main St,San Antonio,TX,78201
357,Customer_000357,Creative Professional,Professional,5593 Oak St,Philadelphia,PA,19101
358,Customer_000358,Tech Professional,Prosumer,7840 Oak St,Chicago,IL,60601
359,Customer_000359,Young Professional,Prosumer,186 Main St,Denver,CO,80201
360,Customer_000360,Small Business Owner,Consumer,2549 Broadway St,New York,NY,10001
361,Customer_000361,Retiree,Consumer,4820 Oak St,Seattle,WA,98101
362,Customer_000362,Creative Professional,Consumer,4006 Park St,Phoenix,AZ,85001
363,Customer_000363,Young Professional,Consumer,1916 Park St,Austin,TX,78701
364,Customer_000364,Tech Professional,Professional,8543 Broadway St,San Jose,CA,95101
365,Customer_000365,Home Owner,Prosumer,7132 Main St,Houston,TX,77001
366,Customer_000366,Student,Consumer,9449 Park St,San Jose,CA,95101
367,Customer_000367,Creative Professional,Professional,6008 Main St,Chicago,IL,60601
368,Customer_000368,Tech Professional,Prosumer,7802 Main St,Dallas,TX,75201
369,Customer_000369,Retiree,Prosumer,4255 Main St,Austin,TX,78701
370,Customer_000370,Creative Professional,Prosumer,4050 Main St,Philadelphia,PA,19101
371,Customer_000371,Student,Consumer,826 Maple St,Denver,CO,80201
372,Customer_000372,Student,Professional,2968 Park St,Dallas,TX,75201
373,Customer_000373,Young Professional,Professional,3086 Oak St,Seattle,WA,98101
374,Customer_000374,Young Professional,Consumer,4907 Oak St,Los Angeles,CA,90001
375,Customer_000375,Audiophile,Consumer,5270 Maple St,New York,NY,10001
376,Customer_000376,Retiree,Professional,7856 Maple St,Dallas,TX,75201
377,Customer_000377,Audiophile,Prosumer,5948 Main St,New York,NY,10001
378,Customer_000378,Student,Prosumer,2139 Maple St,Boston,MA,02101
379,Customer_000379,Retiree,Professional,7304 Park St,San Antonio,TX,78201
380,Customer_000380,Home Owner,Prosumer,8251 Maple St,Philadelphia,PA,19101
381,Customer_000381,Small Business Owner,Consumer,7055 Main St,Portland,OR,97201
382,Customer_000382,Home Owner,Professional,4913 Maple St,San Antonio,TX,78201
383,Customer_000383,Creative Professional,Prosumer,4943 Maple St,Los Angeles,CA,90001
384,Customer_000384,Retiree,Consumer,7372 Maple St,San Diego,CA,92101
385,Customer_000385,Tech Professional,Professional,5876 Broadway St,San Diego,CA,92101
386,Customer_000386,Small Business Owner,Professional,1039 Main St,San Antonio,TX,78201
387,Customer_000387,Retiree,Prosumer,8506 Oak St,Austin,TX,78701
388,Customer_000388,Home Owner,Professional,7279 Main St,New York,NY,10001
389,Customer_000389,Creative Professional,Consumer,6101 Maple St,Chicago,IL,60601
390,Customer_000390,Tech Professional,Professional,2613 Park St,San Antonio,TX,78201
391,Customer_000391,Student,Prosumer,1359 Broadway St,Philadelphia,PA,19101
392,Customer_000392,Student,Prosumer,5250 Maple St,Chicago,IL,60601
393,Customer_000393,Creative Professional,Consumer,3148 Park St,Houston,TX,77001
394,Customer_000394,Retiree,Professional,2029 Maple St,Dallas,TX,75201
395,Customer_000395,Small Business Owner,Professional,7411 Oak St,Denver,CO,80201
396,Customer_000396,Small Business Owner,Professional,8147 Oak St,San Jose,CA,95101
397,Customer_000397,Home Owner,Consumer,7506 Oak St,Los Angeles,CA,90001
398,Customer_000398,Young Professional,Consumer,5336 Maple St,Portland,OR,97201
399,Customer_000399,Creative Professional,Professional,8982 Maple St,Seattle,WA,98101
400,Customer_000400,Small Business Owner,Consumer,2952 Maple St,Portland,OR,97201
401,Customer_000401,Audiophile,Consumer,3392 Oak St,Dallas,TX,75201
402,Customer_000402,Young Professional,Consumer,6012 Broadway St,Houston,TX,77001
403,Customer_000403,Student,Prosumer,9138 Oak St,San Jose,CA,95101
404,Customer_000404,Creative Professional,Consumer,5167 Park St,San Jose,CA,95101
405,Customer_000405,Young Professional,Professional,6830 Park St,Seattle,WA,98101
406,Customer_000406,Creative Professional,Consumer,5294 Main St,Boston,MA,02101
407,Customer_000407,Young Professional,Professional,8576 Maple St,San Diego,CA,92101
408,Customer_000408,Home Owner,Consumer,7188 Broadway St,Chicago,IL,60601
409,Customer_000409,Tech Professional,Consumer,8588 Oak St,Portland,OR,97201
410,Customer_000410,Home Owner,Consumer,5386 Oak St,Phoenix,AZ,85001
411,Customer_000411,Small Business Owner,Consumer,4205 Oak St,Philadelphia,PA,19101
412,Customer_000412,Small Business Owner,Consumer,5061 Broadway St,Austin,TX,78701
413,Customer_000413,Creative Professional,Professional,2862 Broadway St,Dallas,TX,75201
414,Customer_000414,Home Owner,Consumer,5631 Broadway St,San Jose,CA,95101
415,Customer_000415,Tech Professional,Consumer,844 Broadway St,New York,NY,10001
416,Customer_000416,Audiophile,Professional,6925 Broadway St,Phoenix,AZ,85001
417,Customer_000417,Tech Professional,Prosumer,9038 Maple St,Austin,TX,78701
418,Customer_000418,Small Business Owner,Prosumer,4112 Park St,Austin,TX,78701
419,Customer_000419,Young Professional,Consumer,1081 Oak St,Phoenix,AZ,85001
420,Customer_000420,Retiree,Prosumer,7709 Oak St,San Diego,CA,92101
421,Customer_000421,Home Owner,Prosumer,5331 Maple St,Philadelphia,PA,19101
422,Customer_000422,Home Owner,Prosumer,8537 Broadway St,San Antonio,TX,78201
423,Customer_000423,Student,Consumer,7742 Main St,Los Angeles,CA,90001
424,Customer_000424,Young Professional,Consumer,2408 Main St,Phoenix,AZ,85001
425,Customer_000425,Small Business Owner,Prosumer,6950 Oak St,New York,NY,10001
426,Customer_000426,Home Owner,Prosumer,9564 Maple St,Boston,MA,02101
427,Customer_000427,Home Owner,Prosumer,8533 Park St,Houston,TX,77001
428,Customer_000428,Small Business Owner,Prosumer,479 Main St,San Diego,CA,92101
429,Customer_000429,Young Professional,Consumer,3624 Broadway St,San Antonio,TX,78201
430,Customer_000430,Tech Professional,Consumer,4709 Park St,Philadelphia,PA,19101
431,Customer_000431,Young Professional,Prosumer,8893 Main St,San Jose,CA,95101
432,Customer_000432,Creative Professional,Prosumer,2294 Maple St,Boston,MA,02101
433,Customer_000433,Student,Prosumer,6095 Main St,Seattle,WA,98101
434,Customer_000434,Tech Professional,Professional,9304 Oak St,San Antonio,TX,78201
435,Customer_000435,Small Business Owner,Consumer,6429 Broadway St,Philadelphia,PA,19101
436,Customer_000436,Small Business Owner,Professional,2046 Oak St,San Diego,CA,92101
437,Customer_000437,Retiree,Prosumer,5655 Broadway St,Los Angeles,CA,90001
438,Customer_000438,Home Owner,Consumer,9970 Broadway St,Philadelphia,PA,19101
439,Customer_000439,Tech Professional,Consumer,737 Oak St,San Antonio,TX,78201
440,Customer_000440,Student,Prosumer,8608 Park St,Seattle,WA,98101
441,Customer_000441,Home Owner,Prosumer,5318 Oak St,Chicago,IL,60601
442,Customer_000442,Small Business Owner,Professional,5611 Broadway St,San Antonio,TX,78201
443,Customer_000443,Young Professional,Professional,9322 Maple St,Boston,MA,02101
444,Customer_000444,Tech Professional,Prosumer,5527 Main St,San Diego,CA,92101
445,Customer_000445,Small Business Owner,Professional,536 Broadway St,San Antonio,TX,78201
446,Customer_000446,Small Business Owner,Professional,9577 Broadway St,San Diego,CA,92101
447,Customer_000447,Tech Professional,Professional,7971 Oak St,Houston,TX,77001
448,Customer_000448,Retiree,Consumer,4068 Main St,Dallas,TX,75201
449,Customer_000449,Creative Professional,Consumer,410 Park St,San Jose,CA,95101
450,Customer_000450,Retiree,Consumer,6865 Oak St,Philadelphia,PA,19101
451,Customer_000451,Young Professional,Professional,1120 Oak St,San Antonio,TX,78201
452,Customer_000452,Audiophile,Professional,5425 Park St,Dallas,TX,75201
453,Customer_000453,Retiree,Prosumer,2937 Park St,Dallas,TX,75201
454,Customer_000454,Student,Professional,5904 Maple St,Portland,OR,97201
455,Customer_000455,Young Professional,Consumer,4138 Maple St,San Jose,CA,95101
456,Customer_000456,Small Business Owner,Consumer,4976 Maple St,Dallas,TX,75201
457,Customer_000457,Audiophile,Professional,8111 Maple St,Seattle,WA,98101
458,Customer_000458,Student,Professional,4580 Maple St,San Diego,CA,92101
459,Customer_000459,Retiree,Prosumer,5754 Oak St,Los Angeles,CA,90001
460,Customer_000460,Tech Professional,Prosumer,1394 Maple St,Phoenix,AZ,85001
461,Customer_000461,Young Professional,Professional,4301 Park St,Portland,OR,97201
462,Customer_000462,Audiophile,Professional,4542 Broadway St,Houston,TX,77001
463,Customer_000463,Small Business Owner,Consumer,1889 Broadway St,Seattle,WA,98101
464,Customer_000464,Audiophile,Consumer,931 Broadway St,Seattle,WA,98101
465,Customer_000465,Audiophile,Consumer,1741 Park St,Houston,TX,77001
466,Customer_000466,Young Professional,Consumer,2352 Main St,Philadelphia,PA,19101
467,Customer_000467,Home Owner,Prosumer,7893 Park St,Dallas,TX,75201
468,Customer_000468,Audiophile,Prosumer,5362 Maple St,Austin,TX,78701
469,Customer_000469,Tech Professional,Consumer,9506 Oak St,Austin,TX,78701
470,Customer_000470,Tech Professional,Consumer,6946 Oak St,Dallas,TX,75201
471,Customer_000471,Tech Professional,Prosumer,8216 Oak St,Portland,OR,97201
472,Customer_000472,Small Business Owner,Consumer,251 Maple St,Portland,OR,97201
473,Customer_000473,Creative Professional,Prosumer,4762 Park St,San Jose,CA,95101
474,Customer_000474,Young Professional,Consumer,8361 Park St,Austin,TX,78701
475,Customer_000475,Audiophile,Consumer,5517 Oak St,Phoenix,AZ,85001
476,Customer_000476,Young Professional,Professional,4315 Oak St,Seattle,WA,98101
477,Customer_000477,Student,Prosumer,9402 Oak St,New York,NY,10001
478,Customer_000478,Retiree,Prosumer,8542 Maple St,Chicago,IL,60601
479,Customer_000479,Retiree,Professional,1662 Oak St,Los Angeles,CA,90001
480,Customer_000480,Young Professional,Prosumer,4164 Main St,Chicago,IL,60601
481,Customer_000481,Retiree,Consumer,7419 Maple St,Phoenix,AZ,85001
482,Customer_000482,Small Business Owner,Professional,9486 Main St,Philadelphia,PA,19101
483,Customer_000483,Student,Professional,3971 Main St,Phoenix,AZ,85001
484,Customer_000484,Creative Professional,Prosumer,5126 Oak St,Austin,TX,78701
485,Customer_000485,Small Business Owner,Professional,2023 Maple St,San Antonio,TX,78201
486,Customer_000486,Audiophile,Consumer,2288 Park St,Philadelphia,PA,19101
487,Customer_000487,Young Professional,Professional,6221 Park St,Chicago,IL,60601
488,Customer_000488,Young Professional,Professional,3678 Oak St,Seattle,WA,98101
489,Customer_000489,Creative Professional,Professional,7419 Broadway St,Austin,TX,78701
490,Customer_000490,Student,Consumer,9343 Main St,Seattle,WA,98101
491,Customer_000491,Audiophile,Professional,8892 Oak St,New York,NY,10001
492,Customer_000492,Student,Professional,7339 Main St,Chicago,IL,60601
493,Customer_000493,Audiophile,Professional,9654 Park St,Austin,TX,78701
494,Customer_000494,Young Professional,Consumer,7529 Oak St,Los Angeles,CA,90001
495,Customer_000495,Retiree,Prosumer,9339 Main St,Dallas,TX,75201
496,Customer_000496,Young Professional,Professional,5149 Main St,Dallas,TX,75201
497,Customer_000497,Small Business Owner,Consumer,3670 Broadway St,San Antonio,TX,78201
498,Customer_000498,Tech Professional,Prosumer,5744 Main St,Los Angeles,CA,90001
499,Customer_000499,Tech Professional,Consumer,7834 Main St,Dallas,TX,75201
500,Customer_000500,Retiree,Consumer,2318 Park St,Phoenix,AZ,85001
501,Customer_000501,Retiree,Prosumer,6284 Park St,Philadelphia,PA,19101
502,Customer_000502,Home Owner,Professional,5797 Main St,Los Angeles,CA,90001
503,Customer_000503,Retiree,Professional,2186 Oak St,Chicago,IL,60601
504,Customer_000504,Tech Professional,Consumer,4988 Park St,Boston,MA,02101
505,Customer_000505,Retiree,Professional,6314 Oak St,Austin,TX,78701
506,Customer_000506,Young Professional,Prosumer,2641 Maple St,Houston,TX,77001
507,Customer_000507,Creative Professional,Consumer,6968 Broadway St,Houston,TX,77001
508,Customer_000508,Tech Professional,Consumer,3476 Main St,Denver,CO,80201
509,Customer_000509,Tech Professional,Prosumer,9894 Main St,Los Angeles,CA,90001
510,Customer_000510,Tech Professional,Prosumer,7291 Oak St,Houston,TX,77001
511,Customer_000511,Audiophile,Consumer,2395 Broadway St,Dallas,TX,75201
512,Customer_000512,Audiophile,Professional,9538 Maple St,Phoenix,AZ,85001
513,Customer_000513,Student,Consumer,5044 Oak St,San Jose,CA,95101
514,Customer_000514,Audiophile,Prosumer,5023 Maple St,Austin,TX,78701
515,Customer_000515,Home Owner,Professional,7099 Broadway St,New York,NY,10001
516,Customer_000516,Tech Professional,Prosumer,6344 Broadway St,San Diego,CA,92101
517,Customer_000517,Retiree,Prosumer,2544 Maple St,Philadelphia,PA,19101
518,Customer_000518,Home Owner,Professional,7858 Oak St,San Antonio,TX,78201
519,Customer_000519,Audiophile,Prosumer,2465 Park St,Boston,MA,02101
520,Customer_000520,Tech Professional,Professional,6861 Park St,Portland,OR,97201
521,Customer_000521,Home Owner,Prosumer,4078 Maple St,Dallas,TX,75201
522,Customer_000522,Student,Professional,1395 Park St,Houston,TX,77001
523,Customer_000523,Student,Consumer,8875 Oak St,Boston,MA,02101
524,Customer_000524,Small Business Owner,Prosumer,9978 Main St,New York,NY,10001
525,Customer_000525,Creative Professional,Consumer,9726 Broadway St,Boston,MA,02101
526,Customer_000526,Young Professional,Consumer,5555 Maple St,Houston,TX,77001
527,Customer_000527,Tech Professional,Consumer,3213 Main St,Portland,OR,97201
528,Customer_000528,Young Professional,Consumer,3450 Park St,Seattle,WA,98101
529,Customer_000529,Audiophile,Professional,5369 Maple St,Portland,OR,97201
530,Customer_000530,Young Professional,Professional,5986 Maple St,San Antonio,TX,78201
531,Customer_000531,Student,Professional,8247 Park St,Phoenix,AZ,85001
532,Customer_000532,Young Professional,Prosumer,3428 Maple St,Los Angeles,CA,90001
533,Customer_000533,Retiree,Consumer,9316 Oak St,Philadelphia,PA,19101
534,Customer_000534,Home Owner,Consumer,4372 Broadway St,Seattle,WA,98101
535,Customer_000535,Retiree,Prosumer,2597 Oak St,Portland,OR,97201
536,Customer_000536,Audiophile,Prosumer,9435 Oak St,Philadelphia,PA,19101
537,Customer_000537,Student,Prosumer,8105 Park St,San Diego,CA,92101
538,Customer_000538,Home Owner,Professional,5870 Oak St,San Diego,CA,92101
539,Customer_000539,Young Professional,Consumer,8982 Main St,Chicago,IL,60601
540,Customer_000540,Tech Professional,Consumer,894 Main St,Dallas,TX,75201
541,Customer_000541,Home Owner,Professional,3891 Main St,San Antonio,TX,78201
542,Customer_000542,Home Owner,Consumer,3683 Broadway St,Seattle,WA,98101
543,Customer_000543,Student,Consumer,8016 Park St,San Diego,CA,92101
544,Customer_000544,Tech Professional,Professional,9138 Park St,New York,NY,10001
545,Customer_000545,Tech Professional,Professional,4601 Broadway St,New York,NY,10001
546,Customer_000546,Tech Professional,Professional,7154 Oak St,Phoenix,AZ,85001
547,Customer_000547,Creative Professional,Professional,2539 Oak St,Los Angeles,CA,90001
548,Customer_000548,Small Business Owner,Prosumer,4479 Park St,Houston,TX,77001
549,Customer_000549,Student,Prosumer,7620 Broadway St,Los Angeles,CA,90001
550,Customer_000550,Audiophile,Prosumer,1420 Main St,Houston,TX,77001
551,Customer_000551,Retiree,Prosumer,6279 Broadway St,Los Angeles,CA,90001
552,Customer_000552,Tech Professional,Professional,254 Oak St,San Diego,CA,92101
553,Customer_000553,Young Professional,Prosumer,5527 Broadway St,Los Angeles,CA,90001
554,Customer_000554,Creative Professional,Professional,797 Oak St,Boston,MA,02101
555,Customer_000555,Young Professional,Prosumer,862 Main St,Houston,TX,77001
556,Customer_000556,Small Business Owner,Professional,9332 Main St,Austin,TX,78701
557,Customer_000557,Student,Consumer,3494 Broadway St,Chicago,IL,60601
558,Customer_000558,Retiree,Consumer,5003 Oak St,Chicago,IL,60601
559,Customer_000559,Audiophile,Professional,6475 Broadway St,San Jose,CA,95101
560,Customer_000560,Retiree,Professional,2392 Main St,Philadelphia,PA,19101
561,Customer_000561,Student,Consumer,1700 Park St,Dallas,TX,75201
562,Customer_000562,Creative Professional,Prosumer,9858 Park St,Houston,TX,77001
563,Customer_000563,Student,Consumer,4578 Park St,Denver,CO,80201
564,Customer_000564,Audiophile,Prosumer,9160 Park St,San Diego,CA,92101
565,Customer_000565,Home Owner,Professional,9698 Park St,San Antonio,TX,78201
566,Customer_000566,Small Business Owner,Consumer,1304 Main St,Los Angeles,CA,90001
567,Customer_000567,Home Owner,Prosumer,2627 Park St,Phoenix,AZ,85001
568,Customer_000568,Student,Consumer,1599 Main St,Philadelphia,PA,19101
569,Customer_000569,Young Professional,Prosumer,4519 Main St,Phoenix,AZ,85001
570,Customer_000570,Creative Professional,Consumer,7161 Park St,Chicago,IL,60601
571,Customer_000571,Retiree,Consumer,530 Main St,Dallas,TX,75201
572,Customer_000572,Creative Professional,Professional,9898 Maple St,Philadelphia,PA,19101
573,Customer_000573,Retiree,Consumer,4881 Park St,Boston,MA,02101
574,Customer_000574,Creative Professional,Professional,9267 Oak St,San Antonio,TX,78201
575,Customer_000575,Home Owner,Professional,6337 Oak St,San Jose,CA,95101
576,Customer_000576,Small Business Owner,Prosumer,4497 Park St,Chicago,IL,60601
577,Customer_000577,Creative Professional,Consumer,7221 Maple St,Chicago,IL,60601
578,Customer_000578,Small Business Owner,Prosumer,1360 Maple St,San Antonio,TX,78201
579,Customer_000579,Audiophile,Professional,8223 Broadway St,Phoenix,AZ,85001
580,Customer_000580,Audiophile,Prosumer,1852 Oak St,San Jose,CA,95101
581,Customer_000581,Tech Professional,Prosumer,5543 Broadway St,Phoenix,AZ,85001
582,Customer_000582,Student,Prosumer,5584 Park St,San Antonio,TX,78201
583,Customer_000583,Home Owner,Prosumer,5353 Broadway St,Boston,MA,02101
584,Customer_000584,Audiophile,Prosumer,5247 Oak St,Seattle,WA,98101
585,Customer_000585,Student,Prosumer,8144 Broadway St,San Antonio,TX,78201
586,Customer_000586,Audiophile,Prosumer,6261 Maple St,Denver,CO,80201
587,Customer_000587,Retiree,Prosumer,1965 Broadway St,Boston,MA,02101
588,Customer_000588,Home Owner,Professional,9112 Main St,Houston,TX,77001
589,Customer_000589,Young Professional,Professional,3534 Park St,Seattle,WA,98101
590,Customer_000590,Small Business Owner,Professional,1233 Park St,Denver,CO,80201
591,Customer_000591,Young Professional,Consumer,5061 Oak St,Austin,TX,78701
592,Customer_000592,Home Owner,Professional,7032 Park St,Phoenix,AZ,85001
593,Customer_000593,Young Professional,Professional,7951 Broadway St,Los Angeles,CA,90001
594,Customer_000594,Retiree,Professional,702 Maple St,San Antonio,TX,78201
595,Customer_000595,Creative Professional,Consumer,4167 Maple St,Seattle,WA,98101
596,Customer_000596,Tech Professional,Professional,6647 Maple St,Chicago,IL,60601
597,Customer_000597,Retiree,Consumer,272 Main St,Denver,CO,80201
598,Customer_000598,Audiophile,Professional,8599 Broadway St,Phoenix,AZ,85001
599,Customer_000599,Audiophile,Prosumer,6229 Park St,San Jose,CA,95101
600,Customer_000600,Home Owner,Prosumer,502 Park St,San Diego,CA,92101
601,Customer_000601,Small Business Owner,Prosumer,1506 Main St,Los Angeles,CA,90001
602,Customer_000602,Home Owner,Prosumer,5210 Maple St,Boston,MA,02101
603,Customer_000603,Audiophile,Professional,8012 Maple St,San Diego,CA,92101
604,Customer_000604,Creative Professional,Prosumer,7512 Maple St,San Diego,CA,92101
605,Customer_000605,Small Business Owner,Consumer,1985 Main St,Los Angeles,CA,90001
606,Customer_000606,Student,Professional,1891 Oak St,Boston,MA,02101
607,Customer_000607,Audiophile,Professional,2958 Broadway St,Portland,OR,97201
608,Customer_000608,Student,Professional,7085 Park St,Chicago,IL,60601
609,Customer_000609,Retiree,Professional,3122 Oak St,Houston,TX,77001
610,Customer_000610,Retiree,Prosumer,578 Broadway St,Austin,TX,78701
611,Customer_000611,Audiophile,Prosumer,9802 Park St,Portland,OR,97201
612,Customer_000612,Tech Professional,Professional,3619 Oak St,San Antonio,TX,78201
613,Customer_000613,Creative Professional,Professional,1767 Broadway St,Phoenix,AZ,85001
614,Customer_000614,Student,Prosumer,3328 Park St,Chicago,IL,60601
615,Customer_000615,Small Business Owner,Professional,8119 Broadway St,Los Angeles,CA,90001
616,Customer_000616,Student,Professional,6467 Broadway St,Austin,TX,78701
617,Customer_000617,Creative Professional,Prosumer,5866 Park St,San Antonio,TX,78201
618,Customer_000618,Home Owner,Professional,4973 Broadway St,San Jose,CA,95101
619,Customer_000619,Creative Professional,Professional,2294 Maple St,San Jose,CA,95101
620,Customer_000620,Audiophile,Prosumer,2016 Oak St,Los Angeles,CA,90001
621,Customer_000621,Home Owner,Professional,6464 Park St,Philadelphia,PA,19101
622,Customer_000622,Home Owner,Professional,6386 Park St,San Jose,CA,95101
623,Customer_000623,Young Professional,Professional,8904 Oak St,Chicago,IL,60601
624,Customer_000624,Home Owner,Prosumer,4832 Oak St,Dallas,TX,75201
625,Customer_000625,Student,Prosumer,978 Maple St,Chicago,IL,60601
626,Customer_000626,Young Professional,Consumer,3296 Park St,New York,NY,10001
627,Customer_000627,Young Professional,Prosumer,8156 Park St,Dallas,TX,75201
628,Customer_000628,Young Professional,Prosumer,2840 Main St,Seattle,WA,98101
629,Customer_000629,Tech Professional,Consumer,4885 Main St,San Jose,CA,95101
630,Customer_000630,Audiophile,Professional,4829 Oak St,Phoenix,AZ,85001
631,Customer_000631,Young Professional,Professional,8215 Broadway St,Denver,CO,80201
632,Customer_000632,Creative Professional,Professional,1971 Maple St,Dallas,TX,75201
633,Customer_000633,Student,Professional,781 Park St,Denver,CO,80201
634,Customer_000634,Audiophile,Prosumer,1777 Oak St,Dallas,TX,75201
635,Customer_000635,Tech Professional,Prosumer,4405 Maple St,Phoenix,AZ,85001
636,Customer_000636,Creative Professional,Prosumer,2023 Oak St,Boston,MA,02101
637,Customer_000637,Student,Professional,7115 Oak St,Houston,TX,77001
638,Customer_000638,Home Owner,Consumer,3490 Main St,San Jose,CA,95101
639,Customer_000639,Student,Professional,4705 Broadway St,San Jose,CA,95101
640,Customer_000640,Home Owner,Prosumer,4894 Maple St,Dallas,TX,75201
641,Customer_000641,Small Business Owner,Professional,1660 Oak St,San Jose,CA,95101
642,Customer_000642,Retiree,Consumer,4643 Oak St,Denver,CO,80201
643,Customer_000643,Home Owner,Consumer,2496 Maple St,Seattle,WA,98101
644,Customer_000644,Audiophile,Professional,6534 Park St,Boston,MA,02101
645,Customer_000645,Small Business Owner,Professional,6886 Park St,Chicago,IL,60601
646,Customer_000646,Creative Professional,Professional,1625 Park St,San Diego,CA,92101
647,Customer_000647,Small Business Owner,Professional,6146 Park St,Dallas,TX,75201
648,Customer_000648,Student,Professional,140 Main St,San Diego,CA,92101
649,Customer_000649,Young Professional,Professional,5969 Main St,Seattle,WA,98101
650,Customer_000650,Retiree,Consumer,7139 Oak St,Denver,CO,80201
651,Customer_000651,Small Business Owner,Prosumer,4746 Maple St,San Diego,CA,92101
652,Customer_000652,Home Owner,Professional,8051 Maple St,Dallas,TX,75201
653,Customer_000653,Tech Professional,Consumer,1731 Park St,Portland,OR,97201
654,Customer_000654,Creative Professional,Consumer,7330 Park St,New York,NY,10001
655,Customer_000655,Retiree,Consumer,2261 Maple St,New York,NY,10001
656,Customer_000656,Small Business Owner,Consumer,6005 Maple St,Chicago,IL,60601
657,Customer_000657,Student,Professional,2811 Main St,Los Angeles,CA,90001
658,Customer_000658,Small Business Owner,Professional,3936 Park St,San Antonio,TX,78201
659,Customer_000659,Creative Professional,Professional,1659 Main St,Austin,TX,78701
660,Customer_000660,Young Professional,Consumer,2274 Broadway St,Houston,TX,77001
661,Customer_000661,Young Professional,Consumer,232 Maple St,Houston,TX,77001
662,Customer_000662,Creative Professional,Prosumer,2265 Park St,Boston,MA,02101
663,Customer_000663,Audiophile,Prosumer,1563 Main St,Los Angeles,CA,90001
664,Customer_000664,Student,Prosumer,5002 Oak St,Los Angeles,CA,90001
665,Customer_000665,Home Owner,Professional,2440 Main St,San Antonio,TX,78201
666,Customer_000666,Tech Professional,Professional,2788 Park St,Dallas,TX,75201
667,Customer_000667,Audiophile,Professional,2580 Park St,Philadelphia,PA,19101
668,Customer_000668,Young Professional,Consumer,1520 Main St,San Jose,CA,95101
669,Customer_000669,Creative Professional,Professional,6391 Maple St,Chicago,IL,60601
670,Customer_000670,Student,Consumer,4159 Maple St,San Antonio,TX,78201
671,Customer_000671,Creative Professional,Consumer,9166 Broadway St,Austin,TX,78701
672,Customer_000672,Small Business Owner,Professional,539 Maple St,San Jose,CA,95101
673,Customer_000673,Audiophile,Professional,6518 Maple St,Houston,TX,77001
674,Customer_000674,Tech Professional,Consumer,8208 Park St,Austin,TX,78701
675,Customer_000675,Audiophile,Prosumer,9830 Main St,Los Angeles,CA,90001
676,Customer_000676,Tech Professional,Prosumer,5285 Oak St,Dallas,TX,75201
677,Customer_000677,Retiree,Prosumer,9051 Oak St,San Antonio,TX,78201
678,Customer_000678,Young Professional,Consumer,373 Broadway St,Denver,CO,80201
679,Customer_000679,Tech Professional,Prosumer,3634 Main St,Los Angeles,CA,90001
680,Customer_000680,Tech Professional,Prosumer,8400 Maple St,Portland,OR,97201
681,Customer_000681,Retiree,Prosumer,6690 Main St,Austin,TX,78701
682,Customer_000682,Home Owner,Prosumer,1469 Maple St,Austin,TX,78701
683,Customer_000683,Audiophile,Consumer,8888 Maple St,Los Angeles,CA,90001
684,Customer_000684,Creative Professional,Prosumer,7267 Oak St,San Antonio,TX,78201
685,Customer_000685,Audiophile,Consumer,7218 Main St,New York,NY,10001
686,Customer_000686,Tech Professional,Prosumer,2977 Main St,San Diego,CA,92101
687,Customer_000687,Home Owner,Professional,285 Oak St,New York,NY,10001
688,Customer_000688,Student,Professional,8574 Maple St,San Diego,CA,92101
689,Customer_000689,Student,Consumer,4503 Main St,Chicago,IL,60601
690,Customer_000690,Tech Professional,Prosumer,7134 Maple St,Denver,CO,80201
691,Customer_000691,Creative Professional,Prosumer,9547 Main St,Dallas,TX,75201
692,Customer_000692,Young Professional,Professional,6000 Main St,San Diego,CA,92101
693,Customer_000693,Home Owner,Prosumer,2677 Maple St,San Diego,CA,92101
694,Customer_000694,Creative Professional,Professional,1989 Oak St,Denver,CO,80201
695,Customer_000695,Tech Professional,Consumer,301 Oak St,Seattle,WA,98101
696,Customer_000696,Young Professional,Prosumer,6374 Oak St,New York,NY,10001
697,Customer_000697,Tech Professional,Professional,6970 Oak St,Chicago,IL,60601
698,Customer_000698,Audiophile,Prosumer,5341 Maple St,Philadelphia,PA,19101
699,Customer_000699,Creative Professional,Professional,6208 Main St,Boston,MA,02101
700,Customer_000700,Tech Professional,Consumer,3756 Broadway St,Dallas,TX,75201
701,Customer_000701,Retiree,Consumer,7720 Maple St,New York,NY,10001
702,Customer_000702,Small Business Owner,Prosumer,1515 Broadway St,Denver,CO,80201
703,Customer_000703,Tech Professional,Prosumer,3387 Maple St,San Diego,CA,92101
704,Customer_000704,Small Business Owner,Professional,4074 Park St,San Jose,CA,95101
705,Customer_000705,Young Professional,Consumer,9054 Oak St,Philadelphia,PA,19101
706,Customer_000706,Tech Professional,Prosumer,491 Oak St,Chicago,IL,60601
707,Customer_000707,Student,Professional,257 Maple St,Dallas,TX,75201
708,Customer_000708,Retiree,Professional,5138 Main St,New York,NY,10001
709,Customer_000709,Audiophile,Prosumer,8161 Main St,Houston,TX,77001
710,Customer_000710,Small Business Owner,Consumer,819 Oak St,Chicago,IL,60601
711,Customer_000711,Retiree,Professional,6202 Park St,Portland,OR,97201
712,Customer_000712,Creative Professional,Professional,1665 Broadway St,Seattle,WA,98101
713,Customer_000713,Retiree,Consumer,9797 Broadway St,Chicago,IL,60601
714,Customer_000714,Retiree,Professional,2241 Oak St,New York,NY,10001
715,Customer_000715,Small Business Owner,Prosumer,6538 Maple St,Phoenix,AZ,85001
716,Customer_000716,Young Professional,Prosumer,3927 Main St,Philadelphia,PA,19101
717,Customer_000717,Home Owner,Professional,1885 Oak St,Houston,TX,77001
718,Customer_000718,Home Owner,Prosumer,7735 Maple St,Los Angeles,CA,90001
719,Customer_000719,Creative Professional,Professional,5970 Oak St,San Antonio,TX,78201
720,Customer_000720,Small Business Owner,Prosumer,4441 Main St,San Diego,CA,92101
721,Customer_000721,Home Owner,Professional,5084 Broadway St,Los Angeles,CA,90001
722,Customer_000722,Audiophile,Prosumer,2530 Main St,New York,NY,10001
723,Customer_000723,Audiophile,Prosumer,6592 Broadway St,Seattle,WA,98101
724,Customer_000724,Small Business Owner,Prosumer,2948 Main St,New York,NY,10001
725,Customer_000725,Young Professional,Professional,9113 Oak St,San Antonio,TX,78201
726,Customer_000726,Young Professional,Consumer,2390 Main St,Los Angeles,CA,90001
727,Customer_000727,Tech Professional,Consumer,2241 Oak St,New York,NY,10001
728,Customer_000728,Retiree,Prosumer,1476 Broadway St,Boston,MA,02101
729,Customer_000729,Small Business Owner,Consumer,457 Main St,San Jose,CA,95101
730,Customer_000730,Young Professional,Consumer,1606 Maple St,Houston,TX,77001
731,Customer_000731,Tech Professional,Prosumer,929 Oak St,Los Angeles,CA,90001
732,Customer_000732,Retiree,Professional,6571 Park St,Portland,OR,97201
733,Customer_000733,Retiree,Professional,7090 Oak St,New York,NY,10001
734,Customer_000734,Audiophile,Consumer,4605 Maple St,Philadelphia,PA,19101
735,Customer_000735,Home Owner,Consumer,4126 Maple St,San Diego,CA,92101
736,Customer_000736,Retiree,Professional,7948 Main St,San Diego,CA,92101
737,Customer_000737,Small Business Owner,Prosumer,2348 Park St,Los Angeles,CA,90001
738,Customer_000738,Audiophile,Professional,9007 Main St,Houston,TX,77001
739,Customer_000739,Student,Prosumer,9021 Park St,San Antonio,TX,78201
740,Customer_000740,Student,Prosumer,4530 Oak St,Philadelphia,PA,19101
741,Customer_000741,Student,Professional,3688 Main St,New York,NY,10001
742,Customer_000742,Small Business Owner,Consumer,7828 Broadway St,Portland,OR,97201
743,Customer_000743,Audiophile,Consumer,1740 Oak St,Philadelphia,PA,19101
744,Customer_000744,Audiophile,Prosumer,8843 Main St,Austin,TX,78701
745,Customer_000745,Audiophile,Professional,6463 Maple St,Denver,CO,80201
746,Customer_000746,Home Owner,Consumer,3975 Broadway St,Portland,OR,97201
747,Customer_000747,Student,Professional,562 Maple St,Philadelphia,PA,19101
748,Customer_000748,Home Owner,Professional,3184 Park St,San Jose,CA,95101
749,Customer_000749,Small Business Owner,Consumer,8135 Main St,Dallas,TX,75201
750,Customer_000750,Tech Professional,Consumer,9957 Oak St,Los Angeles,CA,90001
751,Customer_000751,Young Professional,Consumer,5535 Broadway St,New York,NY,10001
752,Customer_000752,Home Owner,Prosumer,3007 Maple St,Houston,TX,77001
753,Customer_000753,Tech Professional,Consumer,9711 Oak St,New York,NY,10001
754,Customer_000754,Creative Professional,Professional,6078 Main St,Denver,CO,80201
755,Customer_000755,Retiree,Professional,1755 Maple St,Philadelphia,PA,19101
756,Customer_000756,Student,Consumer,2680 Park St,Phoenix,AZ,85001
757,Customer_000757,Young Professional,Professional,5298 Oak St,Denver,CO,80201
758,Customer_000758,Student,Consumer,9749 Oak St,Seattle,WA,98101
759,Customer_000759,Small Business Owner,Professional,4925 Oak St,San Antonio,TX,78201
760,Customer_000760,Tech Professional,Professional,9485 Park St,Chicago,IL,60601
761,Customer_000761,Tech Professional,Consumer,9969 Maple St,Boston,MA,02101
762,Customer_000762,Audiophile,Professional,9365 Main St,Portland,OR,97201
763,Customer_000763,Young Professional,Consumer,5525 Main St,Portland,OR,97201
764,Customer_000764,Student,Prosumer,2850 Main St,Houston,TX,77001
765,Customer_000765,Student,Prosumer,286 Maple St,Boston,MA,02101
766,Customer_000766,Audiophile,Professional,1210 Maple St,Houston,TX,77001
767,Customer_000767,Creative Professional,Professional,120 Main St,Phoenix,AZ,85001
768,Customer_000768,Young Professional,Professional,6975 Oak St,San Antonio,TX,78201
769,Customer_000769,Retiree,Prosumer,6304 Maple St,Portland,OR,97201
770,Customer_000770,Retiree,Consumer,7955 Broadway St,Dallas,TX,75201
771,Customer_000771,Audiophile,Consumer,7493 Main St,Austin,TX,78701
772,Customer_000772,Tech Professional,Prosumer,428 Maple St,Denver,CO,80201
773,Customer_000773,Creative Professional,Consumer,5700 Oak St,Phoenix,AZ,85001
774,Customer_000774,Retiree,Consumer,1328 Broadway St,Portland,OR,97201
775,Customer_000775,Creative Professional,Prosumer,9832 Broadway St,Portland,OR,97201
776,Customer_000776,Young Professional,Professional,607 Park St,Portland,OR,97201
777,Customer_000777,Home Owner,Professional,7213 Oak St,Austin,TX,78701
778,Customer_000778,Creative Professional,Prosumer,3467 Oak St,New York,NY,10001
779,Customer_000779,Small Business Owner,Professional,4712 Maple St,San Antonio,TX,78201
780,Customer_000780,Creative Professional,Consumer,6537 Broadway St,Houston,TX,77001
781,Customer_000781,Young Professional,Consumer,993 Maple St,Dallas,TX,75201
782,Customer_000782,Retiree,Consumer,4925 Broadway St,New York,NY,10001
783,Customer_000783,Audiophile,Consumer,521 Oak St,San Diego,CA,92101
784,Customer_000784,Small Business Owner,Consumer,7858 Main St,Chicago,IL,60601
785,Customer_000785,Retiree,Prosumer,8113 Maple St,Phoenix,AZ,85001
786,Customer_000786,Retiree,Consumer,6178 Park St,Los Angeles,CA,90001
787,Customer_000787,Home Owner,Prosumer,831 Maple St,Philadelphia,PA,19101
788,Customer_000788,Young Professional,Prosumer,3806 Maple St,San Diego,CA,92101
789,Customer_000789,Tech Professional,Consumer,1684 Main St,San Jose,CA,95101
790,Customer_000790,Student,Professional,6882 Broadway St,Austin,TX,78701
791,Customer_000791,Tech Professional,Prosumer,8661 Park St,Houston,TX,77001
792,Customer_000792,Young Professional,Professional,3960 Park St,Dallas,TX,75201
793,Customer_000793,Creative Professional,Prosumer,668 Broadway St,Phoenix,AZ,85001
794,Customer_000794,Home Owner,Consumer,7457 Oak St,San Jose,CA,95101
795,Customer_000795,Audiophile,Consumer,2167 Main St,Chicago,IL,60601
796,Customer_000796,Creative Professional,Professional,7233 Oak St,San Antonio,TX,78201
797,Customer_000797,Home Owner,Professional,4325 Maple St,Boston,MA,02101
798,Customer_000798,Creative Professional,Consumer,6458 Broadway St,Portland,OR,97201
799,Customer_000799,Student,Prosumer,8614 Park St,San Antonio,TX,78201
800,Customer_000800,Tech Professional,Professional,9726 Broadway St,Portland,OR,97201
801,Customer_000801,Retiree,Consumer,6890 Oak St,Denver,CO,80201
802,Customer_000802,Creative Professional,Consumer,9319 Main St,Chicago,IL,60601
803,Customer_000803,Small Business Owner,Professional,5733 Park St,Denver,CO,80201
804,Customer_000804,Retiree,Professional,8055 Broadway St,Phoenix,AZ,85001
805,Customer_000805,Young Professional,Consumer,2921 Maple St,San Jose,CA,95101
806,Customer_000806,Home Owner,Professional,6681 Main St,San Antonio,TX,78201
807,Customer_000807,Student,Professional,3992 Main St,San Antonio,TX,78201
808,Customer_000808,Young Professional,Prosumer,6202 Main St,Seattle,WA,98101
809,Customer_000809,Small Business Owner,Prosumer,4693 Park St,Philadelphia,PA,19101
810,Customer_000810,Creative Professional,Consumer,2301 Maple St,Boston,MA,02101
811,Customer_000811,Young Professional,Prosumer,4514 Park St,Seattle,WA,98101
812,Customer_000812,Creative Professional,Consumer,7337 Oak St,San Jose,CA,95101
813,Customer_000813,Retiree,Professional,8037 Broadway St,Portland,OR,97201
814,Customer_000814,Student,Consumer,8542 Oak St,Boston,MA,02101
815,Customer_000815,Small Business Owner,Professional,8403 Park St,Los Angeles,CA,90001
816,Customer_000816,Tech Professional,Consumer,3258 Oak St,Chicago,IL,60601
817,Customer_000817,Tech Professional,Consumer,641 Park St,Boston,MA,02101
818,Customer_000818,Student,Professional,3362 Maple St,New York,NY,10001
819,Customer_000819,Young Professional,Professional,6603 Main St,Philadelphia,PA,19101
820,Customer_000820,Tech Professional,Consumer,6202 Park St,Austin,TX,78701
821,Customer_000821,Young Professional,Consumer,7875 Broadway St,San Jose,CA,95101
822,Customer_000822,Student,Prosumer,2779 Maple St,Dallas,TX,75201
823,Customer_000823,Creative Professional,Prosumer,549 Park St,Seattle,WA,98101
824,Customer_000824,Home Owner,Professional,3611 Oak St,New York,NY,10001
825,Customer_000825,Audiophile,Professional,3487 Maple St,Austin,TX,78701
826,Customer_000826,Retiree,Professional,428 Main St,Austin,TX,78701
827,Customer_000827,Home Owner,Professional,2937 Broadway St,San Diego,CA,92101
828,Customer_000828,Tech Professional,Consumer,4235 Broadway St,Denver,CO,80201
829,Customer_000829,Small Business Owner,Professional,4611 Park St,Denver,CO,80201
830,Customer_000830,Retiree,Prosumer,7620 Maple St,Portland,OR,97201
831,Customer_000831,Young Professional,Prosumer,8630 Broadway St,Houston,TX,77001
832,Customer_000832,Creative Professional,Consumer,8480 Maple St,San Antonio,TX,78201
833,Customer_000833,Small Business Owner,Prosumer,1871 Park St,Dallas,TX,75201
834,Customer_000834,Student,Prosumer,5427 Maple St,Los Angeles,CA,90001
835,Customer_000835,Small Business Owner,Consumer,2556 Broadway St,Phoenix,AZ,85001
836,Customer_000836,Audiophile,Consumer,9930 Park St,Denver,CO,80201
837,Customer_000837,Student,Professional,2392 Main St,Austin,TX,78701
838,Customer_000838,Young Professional,Prosumer,4350 Park St,Austin,TX,78701
839,Customer_000839,Retiree,Professional,678 Broadway St,San Antonio,TX,78201
840,Customer_000840,Audiophile,Prosumer,3743 Broadway St,Seattle,WA,98101
841,Customer_000841,Young Professional,Professional,5973 Broadway St,Austin,TX,78701
842,Customer_000842,Home Owner,Professional,9246 Oak St,Phoenix,AZ,85001
843,Customer_000843,Creative Professional,Prosumer,2196 Maple St,Phoenix,AZ,85001
844,Customer_000844,Home Owner,Professional,5599 Main St,Seattle,WA,98101
845,Customer_000845,Student,Consumer,5131 Park St,Houston,TX,77001
846,Customer_000846,Student,Prosumer,4369 Broadway St,Denver,CO,80201
847,Customer_000847,Young Professional,Consumer,7809 Main St,Phoenix,AZ,85001
848,Customer_000848,Creative Professional,Prosumer,3287 Broadway St,Boston,MA,02101
849,Customer_000849,Retiree,Professional,4988 Park St,Los Angeles,CA,90001
850,Customer_000850,Home Owner,Consumer,3381 Maple St,New York,NY,10001
851,Customer_000851,Young Professional,Consumer,5283 Oak St,San Antonio,TX,78201
852,Customer_000852,Creative Professional,Prosumer,5549 Oak St,Denver,CO,80201
853,Customer_000853,Tech Professional,Consumer,7506 Maple St,Philadelphia,PA,19101
854,Customer_000854,Home Owner,Professional,2695 Park St,Houston,TX,77001
855,Customer_000855,Creative Professional,Consumer,7205 Park St,Denver,CO,80201
856,Customer_000856,Retiree,Prosumer,6380 Main St,San Antonio,TX,78201
857,Customer_000857,Audiophile,Professional,6212 Main St,New York,NY,10001
858,Customer_000858,Student,Professional,3222 Main St,Portland,OR,97201
859,Customer_000859,Tech Professional,Professional,4176 Oak St,Austin,TX,78701
860,Customer_000860,Student,Prosumer,2212 Main St,Seattle,WA,98101
861,Customer_000861,Small Business Owner,Consumer,1169 Main St,San Antonio,TX,78201
862,Customer_000862,Small Business Owner,Prosumer,8624 Broadway St,Phoenix,AZ,85001
863,Customer_000863,Student,Prosumer,2292 Maple St,Dallas,TX,75201
864,Customer_000864,Young Professional,Prosumer,3187 Oak St,Portland,OR,97201
865,Customer_000865,Retiree,Consumer,3842 Oak St,Portland,OR,97201
866,Customer_000866,Home Owner,Consumer,459 Broadway St,Seattle,WA,98101
867,Customer_000867,Home Owner,Consumer,6106 Main St,Dallas,TX,75201
868,Customer_000868,Small Business Owner,Professional,896 Broadway St,San Antonio,TX,78201
869,Customer_000869,Creative Professional,Professional,423 Main St,New York,NY,10001
870,Customer_000870,Creative Professional,Prosumer,7379 Park St,Seattle,WA,98101
871,Customer_000871,Small Business Owner,Prosumer,2608 Oak St,Los Angeles,CA,90001
872,Customer_000872,Tech Professional,Prosumer,6995 Main St,Seattle,WA,98101
873,Customer_000873,Small Business Owner,Professional,2347 Park St,Austin,TX,78701
874,Customer_000874,Creative Professional,Professional,2028 Maple St,Boston,MA,02101
875,Customer_000875,Creative Professional,Prosumer,3354 Broadway St,Los Angeles,CA,90001
876,Customer_000876,Small Business Owner,Professional,3404 Maple St,Houston,TX,77001
877,Customer_000877,Retiree,Prosumer,2727 Main St,Seattle,WA,98101
878,Customer_000878,Young Professional,Consumer,7975 Maple St,Dallas,TX,75201
879,Customer_000879,Tech Professional,Consumer,1558 Main St,Houston,TX,77001
880,Customer_000880,Young Professional,Consumer,1575 Broadway St,Boston,MA,02101
881,Customer_000881,Creative Professional,Prosumer,3887 Park St,Los Angeles,CA,90001
882,Customer_000882,Small Business Owner,Prosumer,920 Main St,Phoenix,AZ,85001
883,Customer_000883,Home Owner,Consumer,4860 Maple St,Boston,MA,02101
884,Customer_000884,Student,Prosumer,1998 Main St,Denver,CO,80201
885,Customer_000885,Tech Professional,Consumer,2367 Oak St,Boston,MA,02101
886,Customer_000886,Student,Prosumer,4495 Main St,Philadelphia,PA,19101
887,Customer_000887,Student,Consumer,1965 Park St,Philadelphia,PA,19101
888,Customer_000888,Young Professional,Prosumer,6419 Park St,San Antonio,TX,78201
889,Customer_000889,Retiree,Professional,2832 Main St,Denver,CO,80201
890,Customer_000890,Tech Professional,Consumer,1799 Park St,Chicago,IL,60601
891,Customer_000891,Young Professional,Professional,7278 Oak St,Portland,OR,97201
892,Customer_000892,Retiree,Prosumer,572 Oak St,San Jose,CA,95101
893,Customer_000893,Young Professional,Consumer,6838 Park St,San Diego,CA,92101
894,Customer_000894,Creative Professional,Prosumer,5248 Main St,New York,NY,10001
895,Customer_000895,Audiophile,Professional,5642 Broadway St,Seattle,WA,98101
896,Customer_000896,Creative Professional,Prosumer,4172 Park St,Dallas,TX,75201
897,Customer_000897,Retiree,Consumer,9247 Broadway St,Philadelphia,PA,19101
898,Customer_000898,Tech Professional,Professional,2671 Broadway St,New York,NY,10001
899,Customer_000899,Young Professional,Prosumer,2809 Main St,Boston,MA,02101
900,Customer_000900,Young Professional,Prosumer,4046 Maple St,Denver,CO,80201
901,Customer_000901,Tech Professional,Professional,3748 Broadway St,Phoenix,AZ,85001
902,Customer_000902,Retiree,Prosumer,3950 Main St,Austin,TX,78701
903,Customer_000903,Young Professional,Professional,7441 Main St,San Diego,CA,92101
904,Customer_000904,Young Professional,Prosumer,5278 Main St,Boston,MA,02101
905,Customer_000905,Tech Professional,Consumer,6709 Park St,San Diego,CA,92101
906,Customer_000906,Tech Professional,Consumer,9999 Broadway St,New York,NY,10001
907,Customer_000907,Small Business Owner,Professional,9313 Oak St,Austin,TX,78701
908,Customer_000908,Young Professional,Prosumer,6053 Main St,Austin,TX,78701
909,Customer_000909,Audiophile,Prosumer,5539 Broadway St,Boston,MA,02101
910,Customer_000910,Young Professional,Professional,6052 Park St,Denver,CO,80201
911,Customer_000911,Creative Professional,Professional,3733 Main St,Los Angeles,CA,90001
912,Customer_000912,Student,Professional,4883 Broadway St,Philadelphia,PA,19101
913,Customer_000913,Student,Professional,1841 Main St,Dallas,TX,75201
914,Customer_000914,Home Owner,Prosumer,2401 Park St,Portland,OR,97201
915,Customer_000915,Small Business Owner,Professional,3309 Oak St,Los Angeles,CA,90001
916,Customer_000916,Retiree,Consumer,7588 Oak St,Los Angeles,CA,90001
917,Customer_000917,Student,Consumer,6890 Main St,Seattle,WA,98101
918,Customer_000918,Creative Professional,Prosumer,7593 Broadway St,Portland,OR,97201
919,Customer_000919,Home Owner,Prosumer,171 Broadway St,Dallas,TX,75201
920,Customer_000920,Tech Professional,Professional,7191 Broadway St,Seattle,WA,98101
921,Customer_000921,Home Owner,Professional,9579 Oak St,San Diego,CA,92101
922,Customer_000922,Home Owner,Consumer,6447 Broadway St,Seattle,WA,98101
923,Customer_000923,Student,Professional,6402 Park St,San Jose,CA,95101
924,Customer_000924,Audiophile,Prosumer,6618 Maple St,San Jose,CA,95101
925,Customer_000925,Young Professional,Consumer,2363 Park St,Phoenix,AZ,85001
926,Customer_000926,Small Business Owner,Professional,9075 Maple St,San Jose,CA,95101
927,Customer_000927,Audiophile,Consumer,3535 Broadway St,Seattle,WA,98101
928,Customer_000928,Small Business Owner,Professional,5757 Oak St,Seattle,WA,98101
929,Customer_000929,Home Owner,Professional,8988 Maple St,Seattle,WA,98101
930,Customer_000930,Creative Professional,Prosumer,9312 Park St,Seattle,WA,98101
931,Customer_000931,Retiree,Professional,8847 Maple St,San Jose,CA,95101
932,Customer_000932,Retiree,Consumer,8664 Main St,Portland,OR,97201
933,Customer_000933,Retiree,Consumer,969 Main St,New York,NY,10001
934,Customer_000934,Small Business Owner,Consumer,4795 Maple St,Houston,TX,77001
935,Customer_000935,Tech Professional,Professional,4935 Oak St,Chicago,IL,60601
936,Customer_000936,Tech Professional,Prosumer,7515 Main St,Denver,CO,80201
937,Customer_000937,Audiophile,Professional,9295 Park St,San Jose,CA,95101
938,Customer_000938,Small Business Owner,Professional,869 Park St,Houston,TX,77001
939,Customer_000939,Retiree,Professional,5222 Broadway St,San Antonio,TX,78201
940,Customer_000940,Tech Professional,Professional,4217 Oak St,New York,NY,10001
941,Customer_000941,Young Professional,Consumer,6125 Broadway St,San Jose,CA,95101
942,Customer_000942,Audiophile,Professional,3270 Maple St,Dallas,TX,75201
943,Customer_000943,Home Owner,Professional,1320 Oak St,San Diego,CA,92101
944,Customer_000944,Creative Professional,Prosumer,765 Park St,Chicago,IL,60601
945,Customer_000945,Small Business Owner,Consumer,2736 Broadway St,Phoenix,AZ,85001
946,Customer_000946,Small Business Owner,Consumer,5515 Park St,Boston,MA,02101
947,Customer_000947,Home Owner,Consumer,2618 Maple St,Seattle,WA,98101
948,Customer_000948,Tech Professional,Professional,5034 Park St,San Jose,CA,95101
949,Customer_000949,Student,Consumer,5307 Broadway St,Denver,CO,80201
950,Customer_000950,Home Owner,Professional,1217 Broadway St,Houston,TX,77001
951,Customer_000951,Retiree,Professional,8898 Park St,Chicago,IL,60601
952,Customer_000952,Student,Consumer,3595 Maple St,Los Angeles,CA,90001
953,Customer_000953,Student,Prosumer,3679 Broadway St,Philadelphia,PA,19101
954,Customer_000954,Young Professional,Professional,244 Main St,Dallas,TX,75201
955,Customer_000955,Student,Prosumer,4037 Broadway St,Austin,TX,78701
956,Customer_000956,Audiophile,Consumer,5358 Park St,Portland,OR,97201
957,Customer_000957,Creative Professional,Prosumer,4303 Broadway St,Portland,OR,97201
958,Customer_000958,Small Business Owner,Consumer,8568 Maple St,Seattle,WA,98101
959,Customer_000959,Young Professional,Prosumer,818 Maple St,Dallas,TX,75201
960,Customer_000960,Audiophile,Prosumer,8519 Main St,Portland,OR,97201
961,Customer_000961,Home Owner,Professional,8836 Main St,Los Angeles,CA,90001
962,Customer_000962,Creative Professional,Consumer,3592 Park St,Austin,TX,78701
963,Customer_000963,Creative Professional,Consumer,8910 Park St,Boston,MA,02101
964,Customer_000964,Creative Professional,Professional,2619 Main St,Austin,TX,78701
965,Customer_000965,Student,Consumer,1533 Main St,San Diego,CA,92101
966,Customer_000966,Home Owner,Prosumer,9243 Main St,New York,NY,10001
967,Customer_000967,Audiophile,Prosumer,6778 Park St,San Jose,CA,95101
968,Customer_000968,Retiree,Prosumer,5283 Main St,San Diego,CA,92101
969,Customer_000969,Creative Professional,Professional,196 Broadway St,San Antonio,TX,78201
970,Customer_000970,Tech Professional,Professional,1289 Maple St,Los Angeles,CA,90001
971,Customer_000971,Creative Professional,Prosumer,5037 Broadway St,Portland,OR,97201
972,Customer_000972,Small Business Owner,Prosumer,6349 Park St,Los Angeles,CA,90001
973,Customer_000973,Tech Professional,Prosumer,2661 Broadway St,Boston,MA,02101
974,Customer_000974,Home Owner,Professional,6506 Broadway St,Houston,TX,77001
975,Customer_000975,Home Owner,Prosumer,6213 Main St,Phoenix,AZ,85001
976,Customer_000976,Home Owner,Consumer,784 Main St,Dallas,TX,75201
977,Customer_000977,Retiree,Professional,9070 Main St,San Jose,CA,95101
978,Customer_000978,Audiophile,Professional,5733 Oak St,Phoenix,AZ,85001
979,Customer_000979,Home Owner,Consumer,3114 Oak St,San Antonio,TX,78201
980,Customer_000980,Small Business Owner,Consumer,1977 Oak St,San Jose,CA,95101
981,Customer_000981,Tech Professional,Professional,7657 Broadway St,Austin,TX,78701
982,Customer_000982,Small Business Owner,Professional,1203 Maple St,Los Angeles,CA,90001
983,Customer_000983,Audiophile,Professional,9612 Park St,Los Angeles,CA,90001
984,Customer_000984,Student,Consumer,3942 Main St,Philadelphia,PA,19101
985,Customer_000985,Creative Professional,Consumer,5306 Park St,Phoenix,AZ,85001
986,Customer_000986,Student,Professional,5108 Broadway St,San Diego,CA,92101
987,Customer_000987,Student,Prosumer,7117 Oak St,Chicago,IL,60601
988,Customer_000988,Student,Consumer,3729 Park St,New York,NY,10001
989,Customer_000989,Student,Consumer,5532 Park St,Phoenix,AZ,85001
990,Customer_000990,Young Professional,Prosumer,5104 Park St,San Diego,CA,92101
991,Customer_000991,Creative Professional,Consumer,1443 Maple St,Dallas,TX,75201
992,Customer_000992,Home Owner,Professional,3318 Maple St,Boston,MA,02101
993,Customer_000993,Creative Professional,Professional,1335 Main St,Seattle,WA,98101
994,Customer_000994,Tech Professional,Professional,9584 Park St,Boston,MA,02101
995,Customer_000995,Audiophile,Consumer,9137 Maple St,Denver,CO,80201
996,Customer_000996,Young Professional,Professional,2535 Maple St,Dallas,TX,75201
997,Customer_000997,Audiophile,Professional,4867 Oak St,San Antonio,TX,78201
998,Customer_000998,Creative Professional,Prosumer,6061 Broadway St,San Diego,CA,92101
999,Customer_000999,Audiophile,Professional,2817 Broadway St,New York,NY,10001
1000,Customer_001000,Young Professional,Consumer,3035 Broadway St,Chicago,IL,60601
